name,ending,zip,class,hours,rate,gross,net,gender,ethnicity
Quality Structures,2018-02-11,14420,Journeyman,40,29.08,1163.2,824.86,Male,White
Quality Structures,2018-02-11,16936,Journeyman,45,28.8,1487.32,1220.32,Male,White
Quality Structures,2018-03-04,17771,Journeyman,22,27.45,704.13,1781.83,Male,White
Quality Structures,2018-03-04,16901,Journeyman,45,27.45,1413.69,893.28,Male,White
Quality Structures,2018-02-11,14517,General Foreman,40,32.89,1315.6,1113.71,Male,White
Quality Structures,2018-02-18,14432,Operator,20,36.84,810.48,1141.06,Male,White
Quality Structures,2018-02-18,14873,Operator,44,36.84,1694.64,1079.45,Male,White
Quality Structures,2018-02-18,14816,Foreman,44,25.7,1182.2,785.51,Male,White
Quality Structures,2018-02-18,14517,General Foreman,44,32.89,1512.94,1243.6,Male,White
Quality Structures,2018-02-25,14432,Operator,4,36.84,147.36,1277.46,Male,White
Quality Structures,2018-02-25,14873,Operator,23,36.84,902.58,1142.53,Male,White
Quality Structures,2018-02-25,14517,General Foreman,48,32.89,1710.29,1418.87,Male,White
Quality Structures,2018-03-04,13032,Operator,10,36.84,405.24,572.33,Male,White
Quality Structures,2018-03-04,14517,General Foreman,20,32.89,723.58,1739.81,Male,White
Quality Structures,2018-02-18,14420,Journeyman,8,29.08,232.64,186.21,Male,White
Quality Structures,2018-02-18,14422,Foreman,14,29.39,411.46,311.04,Male,White
Quality Structures,2018-02-25,13208,Journeyman,47,24.2,1222.1,816.32,Male,White
Quality Structures,2018-02-25,13034,Journeyman,32,27.45,878.4,627.75,Male,White
Quality Structures,2018-02-25,13126,Journeyman,20,24.2,532.4,401.94,Male,White
Quality Structures,2018-02-25,13045,Journeyman,53,27.45,1633.28,1204.52,Male,White
Quality Structures,2018-02-25,13021,Journeyman,16,24.2,387.2,322.61,Male,Multiracial
Quality Structures,2018-02-25,13084,Journeyman,16,24.2,387.2,283.18,Male,Indigenous
Quality Structures,2018-02-25,14816,Foreman,20,25.7,488.3,836.86,Male,White
Quality Structures,2018-02-25,13069,Journeyman,16,24.2,387.2,283.18,Male,White
Quality Structures,2018-02-25,14420,Journeyman,8,29.08,232.64,167.75,Male,White
Quality Structures,2018-02-25,13126,Journeyman,25,24.2,713.9,512.48,Male,White
Quality Structures,2018-02-25,14422,Foreman,50,29.39,1616.45,1125.99,Male,White
Quality Structures,2018-03-04,14432,Operator,58,36.84,2468.28,1662.26,Male,White
Quality Structures,2018-03-04,13208,Journeyman,50,24.2,1331,878.01,Male,White
Quality Structures,2018-03-04,14489,Journeyman,45,25.89,1229.8,803.33,Male,White
Quality Structures,2018-03-04,13034,Journeyman,40,27.45,1098,772.43,Male,White
Quality Structures,2018-03-04,13044,Journeyman,43,24.2,1076.9,793.87,Male,White
Quality Structures,2018-03-04,13126,Journeyman,57,24.2,1585.1,1104.05,Male,White
Quality Structures,2018-03-04,16933,Apprentice,47,13.73,748.3,692.85,Male,White
Quality Structures,2018-03-04,13045,Journeyman,46,27.45,1386.24,1047.02,Male,White
Quality Structures,2018-03-04,13204,Journeyman,54,24.2,1476.2,1095.13,Male,Black
Quality Structures,2018-03-04,14825,Journeyman,59,24.2,1675.85,1164.63,Male,White
Quality Structures,2018-03-04,16933,Journeyman,45,27.45,1413.69,1275.56,Male,White
Quality Structures,2018-03-04,16932,Journeyman,83,28.25,3065.15,1990.42,Male,White
Quality Structures,2018-03-04,13021,Journeyman,44,24.2,1161.6,864.02,Male,Multiracial
Quality Structures,2018-03-04,14873,Operator,58,36.84,2468.28,1515.03,Male,White
Quality Structures,2018-03-04,13084,Journeyman,47,24.2,1258.4,819.4,Male,Indigenous
Quality Structures,2018-03-04,14816,Foreman,50,25.7,1413.5,939.74,Male,White
Quality Structures,2018-03-04,13069,Journeyman,56,24.2,1548.8,984.03,Male,White
Quality Structures,2018-03-04,13617,Operator,18,36.84,847.32,580.81,Male,White
Quality Structures,2018-03-04,13207,Journeyman,56,24.2,1548.8,1176.97,Male,Black
Quality Structures,2018-03-04,13126,Journeyman,56,24.2,1548.8,1002.8,Male,White
Quality Structures,2018-03-04,14422,Foreman,50,29.39,1616.45,1121.87,Male,White
Quality Structures,2018-02-04,13795,General Foreman,26,42.64,1108.64,1404.43,Male,White
Quality Structures,2018-02-11,12175,Foreman,41,36.25,1504.38,1107.11,Male,White
Quality Structures,2018-02-11,13045,General Foreman,40,35.51,1420.4,1054.21,Male,White
Quality Structures,2018-02-11,13795,General Foreman,40,42.64,1705.6,1236.56,Male,White
Quality Structures,2018-02-18,13045,Journeyman,28,27.45,878.4,709.36,Male,White
Quality Structures,2018-02-18,12175,Foreman,32,36.25,1160,879.09,Male,White
Quality Structures,2018-02-18,13045,General Foreman,49,35.51,1970.82,1392.98,Male,White
Quality Structures,2018-02-18,13795,General Foreman,50,42.64,2345.2,1616.46,Male,White
Quality Structures,2018-02-25,12175,Foreman,55.5,36.25,2292.83,1665.46,Male,White
Quality Structures,2018-02-25,13045,General Foreman,57,35.51,2325.92,1539.74,Male,White
Quality Structures,2018-02-25,13795,General Foreman,52,42.64,2473.12,2071.76,Male,White
Quality Structures,2018-03-04,16936,Journeyman,14.5,28.88,512.62,1220.32,Male,White
Quality Structures,2018-03-04,12175,Foreman,59.5,36.25,2510.33,1736.76,Male,White
Quality Structures,2018-03-04,13045,General Foreman,65,35.51,2752.04,1804.74,Male,White
Quality Structures,2018-03-04,13795,General Foreman,50,42.64,2345.2,1730.96,Male,White
Quality Structures,2018-03-11,14839,Apprentice,25.5,19.22,581.41,1334,Male,White
Quality Structures,2018-03-11,NA,Journeyman,6.5,28.88,873.62,1331.35,Male,White
Quality Structures,2018-03-11,16901,Journeyman,44.5,27.45,1420.55,1137.88,Male,White
Quality Structures,2018-03-18,14839,Apprentice,27,19.22,624.65,905.4,Male,White
Quality Structures,2018-03-18,13045,Journeyman,25,27.45,727.43,509.14,Male,White
Quality Structures,2018-03-18,16936,Journeyman,59,28.88,1978.28,1202.48,Male,White
Quality Structures,2018-03-18,17771,Journeyman,42,28.88,1472.88,1366.1,Male,White
Quality Structures,2018-03-18,16933,Apprentice,29,13.73,528.61,659.92,Male,White
Quality Structures,2018-03-18,14825,Journeyman,29,24.2,859.1,1301.46,Male,White
Quality Structures,2018-03-18,16933,Journeyman,27,27.45,892.13,1263.83,Male,White
Quality Structures,2018-03-18,16932,Journeyman,29,28.25,1002.88,1522.85,Male,White
Quality Structures,2018-03-18,13069,Journeyman,34,24.2,943.8,865.96,Male,White
Quality Structures,2018-03-18,16901,Journeyman,45,27.45,1523.48,812.44,Male,White
Quality Structures,2018-03-25,14839,Apprentice,57.5,19.22,1273.33,880.32,Male,White
Quality Structures,2018-03-25,13045,Journeyman,46,27.45,1345.06,866.43,Male,White
Quality Structures,2018-03-25,16936,Journeyman,57.5,28.88,1913.3,1166.72,Male,White
Quality Structures,2018-03-25,17771,Journeyman,77.5,28.88,2895.22,1700.26,Male,White
Quality Structures,2018-03-25,13045,Journeyman,50,27.45,1509.78,916.66,Male,White
Quality Structures,2018-03-25,13206,Apprentice,26.5,13.73,381.01,270.93,Male,Multiracial
Quality Structures,2018-03-25,14825,Journeyman,57.5,24.2,1603.25,1116.16,Male,White
Quality Structures,2018-03-25,16933,Journeyman,57,27.45,1907.79,1285.33,Male,White
Quality Structures,2018-03-25,16932,Journeyman,77.5,28.25,2832.07,1861.23,Male,White
Quality Structures,2018-03-25,13069,Journeyman,54.5,24.2,1494.35,953.15,Male,White
Quality Structures,2018-03-25,13617,Operator,50,36.84,2026.2,1268.38,Male,White
Quality Structures,2018-03-25,16901,Journeyman,58.5,27.45,1859.74,870.66,Male,White
Quality Structures,2018-04-01,14839,Apprentice,75,19.22,1854.73,1222.47,Male,White
Quality Structures,2018-04-01,13045,Journeyman,44.5,27.45,1283.3,830.2,Male,White
Quality Structures,2018-04-01,14801,Apprentice,57,16.47,1078.8,762.34,Male,White
Quality Structures,2018-04-01,16936,Journeyman,57,28.88,1891.64,1154.81,Male,White
Quality Structures,2018-04-01,17771,Journeyman,75,28.88,2786.92,1642.32,Male,White
Quality Structures,2018-04-01,13034,Journeyman,38,27.45,1125.45,797.11,Male,White
Quality Structures,2018-04-01,16933,Apprentice,57,13.73,899.33,632.24,Male,White
Quality Structures,2018-04-01,13145,Journeyman,40,27.45,1098,772.43,Male,White
Quality Structures,2018-04-01,14825,Journeyman,75,24.2,2335.3,1536.45,Male,White
Quality Structures,2018-04-01,16933,Journeyman,53,27.45,1633.29,1115.28,Male,White
Quality Structures,2018-04-01,16932,Journeyman,47,32.25,2300.63,2478.44,Male,White
Quality Structures,2018-04-01,13069,Journeyman,38,24.2,992.2,668.86,Male,White
Quality Structures,2018-04-01,13617,Operator,50,36.84,2026.2,1268.37,Male,White
Quality Structures,2018-04-01,16901,Journeyman,57,27.45,1797.99,836.74,Male,White
Quality Structures,2018-03-18,14432,Operator,49,36.84,1970.94,1375.41,Male,White
Quality Structures,2018-03-18,14456,Journeyman,51,24.2,1367.3,991.08,Male,White
Quality Structures,2018-03-18,14816,Foreman,52,25.7,1490.6,991.22,Male,White
Quality Structures,2018-03-18,13224,Journeyman,51,24.2,1367.3,991.07,Male,White
Quality Structures,2018-03-25,14432,Operator,52,36.84,2136.72,1471.78,Male,White
Quality Structures,2018-03-25,14873,Operator,10,36.84,405.24,1142.54,Male,White
Quality Structures,2018-03-25,14456,Journeyman,51,24.2,1367.3,991.07,Male,White
Quality Structures,2018-03-25,14816,Foreman,54,25.7,1567.7,1042.68,Male,White
Quality Structures,2018-03-25,14517,General Foreman,55,32.89,2056.64,1620.86,Male,White
Quality Structures,2018-04-01,14432,Operator,50,36.84,2026.2,1407.88,Male,White
Quality Structures,2018-04-01,14873,Operator,22,36.84,921,1205.6,Male,White
Quality Structures,2018-04-01,14456,Journeyman,40,24.2,1064.8,918.43,Male,White
Quality Structures,2018-04-01,14816,Foreman,54,25.7,1567.7,1042.69,Male,White
Quality Structures,2018-04-01,13224,Journeyman,40,24.2,1064.8,918.44,Male,White
Quality Structures,2018-04-01,14517,General Foreman,54,32.89,2006.3,1588,Male,White
Quality Structures,2018-03-11,16936,Journeyman,39,28.88,1342.92,1331.35,Male,White
Quality Structures,2018-03-11,17771,Journeyman,81,28.88,3061.28,1789.82,Male,White
Quality Structures,2018-03-11,16933,Apprentice,63,13.73,1022.9,710.54,Male,White
Quality Structures,2018-03-11,13069,Journeyman,40,33.16,1326.4,905.18,Male,White
Quality Structures,2018-03-11,16933,Journeyman,81,27.45,2909.72,1841.83,Male,White
Quality Structures,2018-03-11,12175,Foreman,53,36.25,2158.88,1534.24,Male,White
Quality Structures,2018-03-11,13045,General Foreman,67,35.51,2858.56,1863.65,Male,White
Quality Structures,2018-03-11,13795,General Foreman,50,42.64,2345.2,1730.94,Male,White
Quality Structures,2018-03-18,12175,Foreman,51,36.25,2048.13,1470.89,Male,White
Quality Structures,2018-03-18,13045,General Foreman,63,35.51,2645.51,1745.85,Male,White
Quality Structures,2018-03-18,13795,General Foreman,50,42.64,2345.2,1730.95,Male,White
Quality Structures,2018-03-25,13069,Journeyman,43,33.16,1475.62,1004.88,Male,White
Quality Structures,2018-03-25,12175,Foreman,60,36.25,2537.51,1754.48,Male,White
Quality Structures,2018-03-25,13045,General Foreman,46,35.51,2805.3,1834.2,Male,White
Quality Structures,2018-03-25,13795,General Foreman,50,42.64,2345.2,1730.96,Male,White
Quality Structures,2018-04-01,12175,Foreman,53,36.25,2156.88,1534.23,Male,White
Quality Structures,2018-04-01,13045,General Foreman,63,35.51,2645.52,1745.83,Male,White
Quality Structures,2018-04-01,13795,General Foreman,50,42.64,2345.2,1730.94,Male,White
Quality Structures,2018-03-11,14432,Operator,30,36.84,1215.72,1598.93,Male,White
Quality Structures,2018-03-11,13219,Journeyman,40,25.41,1287.44,796.64,Male,White
Quality Structures,2018-03-11,13208,Journeyman,55,24.2,1512.5,980.99,Male,White
Quality Structures,2018-03-11,14489,Journeyman,52,25.89,1501.62,957.53,Male,White
Quality Structures,2018-03-11,13069,Journeyman,56,25.41,1694,1104.38,Male,White
Quality Structures,2018-03-11,13034,Journeyman,37,27.45,1084.28,768.89,Male,White
Quality Structures,2018-03-11,13165,Journeyman,15,25.89,414.24,339.12,Male,White
Quality Structures,2018-03-11,13044,Journeyman,36,24.2,919.6,689.37,Male,White
Quality Structures,2018-03-11,13032,Operator,10,36.84,405.24,1225.5,Male,White
Quality Structures,2018-03-11,13126,Journeyman,66,25.41,2075.15,1393.48,Male,White
Quality Structures,2018-03-11,13045,Journeyman,50,27.45,1509.76,1129.64,Male,White
Quality Structures,2018-03-11,13201,Journeyman,38.5,24.2,1010.35,679.14,Male,White
Quality Structures,2018-03-11,13204,Journeyman,26,25.41,686.07,493.14,Male,Black
Quality Structures,2018-03-11,14825,Journeyman,82,24.2,2601.5,1682.21,Male,White
Quality Structures,2018-03-11,16932,Journeyman,83,28.25,3079.28,1998.95,Male,White
Quality Structures,2018-03-11,13021,Journeyman,32,24.2,822.8,638.59,Male,Multiracial
Quality Structures,2018-03-11,13074,Journeyman,57,24.2,1585.1,1004.63,Male,White
Quality Structures,2018-03-11,14873,Operator,39,36.84,1565.7,1260.42,Male,White
Quality Structures,2018-03-11,14456,Journeyman,8,24.2,193.6,741.38,Male,White
Quality Structures,2018-03-11,13084,Journeyman,42,24.2,1137.4,751.07,Male,Indigenous
Quality Structures,2018-03-11,14816,Foreman,20,25.7,565.4,1144.46,Male,White
Quality Structures,2018-03-11,13069,Journeyman,20,25.41,696.96,490.44,Male,White
Quality Structures,2018-03-11,13069,Journeyman,50,24.2,1391.5,894.93,Male,White
Quality Structures,2018-03-11,13224,Journeyman,28,24.2,919.6,1225.55,Male,White
Quality Structures,2018-03-11,13617,Operator,39,36.84,1565.7,1205.45,Male,White
Quality Structures,2018-03-11,13069,Journeyman,40,25.41,1287.44,837.85,Male,White
Quality Structures,2018-03-11,13207,Journeyman,63.5,24.2,1917.85,1423.46,Male,Black
Quality Structures,2018-03-11,13090,Journeyman,32,25.41,900.24,613.37,Male,White
Quality Structures,2018-03-11,13211,Journeyman,56,25.41,1694,1066.09,Male,White
Quality Structures,2018-03-11,13126,Journeyman,56,24.2,1645.6,1058.02,Male,White
Quality Structures,2018-03-11,14517,General Foreman,0,32.89,0,1734.24,Male,White
Quality Structures,2018-03-11,14422,Foreman,48,29.39,1528.28,1062.98,Male,White
Quality Structures,2018-03-11,14422,Journeyman,21,25.89,608.42,689.85,Male,White
Quality Structures,2018-03-18,13219,Journeyman,48,25.41,1285.02,794.47,Male,White
Quality Structures,2018-03-18,13208,Journeyman,49,24.2,1294.7,857.43,Male,White
Quality Structures,2018-03-18,14489,Journeyman,52,25.89,1475.76,942.79,Male,White
Quality Structures,2018-03-18,13069,Journeyman,49,25.41,1321.32,892.59,Male,White
Quality Structures,2018-03-18,13034,Journeyman,40,27.45,1098,772.43,Male,White
Quality Structures,2018-03-18,13165,Journeyman,24,25.89,621.36,487.11,Male,White
Quality Structures,2018-03-18,13044,Journeyman,43,24.2,1052.7,777.69,Male,White
Quality Structures,2018-03-18,13032,Operator,50,36.84,2026.2,1288.46,Male,White
Quality Structures,2018-03-18,13126,Journeyman,53,25.41,1466.52,1062.37,Male,White
Quality Structures,2018-03-18,13045,Journeyman,47,27.45,1386.24,831.33,Male,White
Quality Structures,2018-03-18,13201,Journeyman,41,24.2,992.2,668.56,Male,White
Quality Structures,2018-03-18,13903,Journeyman,38,24.2,992.2,833.36,Male,White
Quality Structures,2018-03-18,13204,Journeyman,30,25.41,809.49,594.8,Male,Black
Quality Structures,2018-03-18,13069,Journeyman,44,33.16,1525.36,1038.12,Male,White
Quality Structures,2018-03-18,13021,Journeyman,34,24.2,822.8,638.39,Male,Multiracial
Quality Structures,2018-03-18,13074,Journeyman,54,24.2,1452,929.04,Male,White
Quality Structures,2018-03-18,14873,Operator,48,36.84,1915.68,1205.6,Male,White
Quality Structures,2018-03-18,13084,Journeyman,35,24.2,859.1,593.44,Male,Indigenous
Quality Structures,2018-03-18,13069,Journeyman,47,24.2,1197.9,785,Male,White
Quality Structures,2018-03-18,13617,Operator,50,36.84,2026.2,1268.38,Male,White
Quality Structures,2018-03-18,13069,Journeyman,42,25.41,1067.22,712.36,Male,White
Quality Structures,2018-03-18,13207,Journeyman,48,24.2,1234.2,965.58,Male,Black
Quality Structures,2018-03-18,13090,Journeyman,42,25.41,1067.22,707.35,Male,White
Quality Structures,2018-03-18,13211,Journeyman,42,25.41,1067.22,711.13,Male,White
Quality Structures,2018-03-18,13126,Journeyman,47,24.2,1197.9,803.77,Male,White
Quality Structures,2018-03-18,14422,Foreman,50,29.39,1616.45,1121.87,Male,White
Quality Structures,2018-03-25,14422,Journeyman,40,25.89,1035.6,693.36,Male,White
Quality Structures,2018-03-25,13219,Journeyman,48,25.41,1321.32,642.42,Male,White
Quality Structures,2018-03-25,13208,Journeyman,45,24.2,1149.5,775.21,Male,White
Quality Structures,2018-03-25,13045,Journeyman,41,24.2,1052.7,749.16,Male,White
Quality Structures,2018-03-25,14489,Journeyman,52,25.89,1501.65,957.55,Male,White
Quality Structures,2018-03-25,13069,Journeyman,12.5,25.41,317.63,96.44,Male,White
Quality Structures,2018-03-25,13034,Journeyman,45,27.45,1303.88,913.56,Male,White
Quality Structures,2018-03-25,13044,Journeyman,32,24.2,774.4,591.55,Male,White
Quality Structures,2018-03-25,13032,Operator,45,36.84,1749.9,1130.98,Male,White
Quality Structures,2018-03-25,13493,Operator,38,36.84,1510.44,1095.98,Male,White
Quality Structures,2018-03-25,13202,Journeyman,40,26.62,1064.8,788.87,Male,Black
Quality Structures,2018-03-25,13126,Journeyman,61.5,25.41,1835.88,1258.82,Male,White
Quality Structures,2018-03-25,13201,Journeyman,40,24.2,968,654.91,Male,White
Quality Structures,2018-03-25,13903,Journeyman,55,24.2,1512.5,1055.59,Male,White
Quality Structures,2018-03-25,13208,Journeyman,46,24.2,1185.8,834.53,Male,Black
Quality Structures,2018-03-25,13204,Journeyman,40,25.41,1137.1,741.92,Male,Black
Quality Structures,2018-03-25,13021,Journeyman,32,24.2,774.4,606.2,Male,Multiracial
Quality Structures,2018-03-25,13074,Journeyman,45,24.2,1149.5,757.65,Male,White
Quality Structures,2018-03-25,13219,Journeyman,40,26.62,1064.8,799.67,Male,Black
Quality Structures,2018-03-25,13082,Journeyman,40,26.62,1064.8,727.52,Male,White
Quality Structures,2018-03-25,13084,Journeyman,40,24.2,968,664.89,Male,Indigenous
Quality Structures,2018-03-25,13069,Journeyman,32,24.2,774.4,541.43,Male,White
Quality Structures,2018-03-25,13224,Journeyman,45,24.2,1149.5,845.89,Male,White
Quality Structures,2018-03-25,13069,Journeyman,40,25.41,1016.4,683.64,Male,White
Quality Structures,2018-03-25,13207,Journeyman,55,24.2,1512.5,1152.73,Male,Black
Quality Structures,2018-03-25,13090,Journeyman,40,25.41,1016.4,678.64,Male,White
Quality Structures,2018-03-25,13211,Journeyman,41,25.41,1054.62,704.02,Male,White
Quality Structures,2018-03-25,13126,Journeyman,45,24.2,1149.5,776.42,Male,White
Quality Structures,2018-03-25,14422,Foreman,50,29.39,1616.45,1121.88,Male,White
Quality Structures,2018-04-08,12175,Foreman,56.5,36.25,2347.19,1644.37,Male,White
Quality Structures,2018-04-08,13045,General Foreman,66,35.51,2805.3,1834.2,Male,White
Quality Structures,2018-04-08,13795,General Foreman,50,42.64,2345.2,1730.96,Male,White
Quality Structures,2018-04-08,14839,Apprentice,6.5,19.08,187.4,830.15,Male,White
Quality Structures,2018-04-15,14432,Operator,4,36.84,221.04,1535.58,Male,White
Quality Structures,2018-04-15,17771,Journeyman,6.5,28.88,281.58,1284.6,Male,White
Quality Structures,2018-04-15,16932,Journeyman,3,32.25,145.13,1618.63,Male,White
Quality Structures,2018-04-15,12175,Foreman,55.5,36.25,2292.82,1512.89,Male,White
Quality Structures,2018-04-15,13045,General Foreman,61,35.51,2538.98,1686.93,Male,White
Quality Structures,2018-04-15,14816,Foreman,4,25.7,154.2,1188.04,Male,White
Quality Structures,2018-04-15,13795,General Foreman,48,42.64,2217.28,1656.27,Male,White
Quality Structures,2018-04-22,12175,Foreman,58,36.25,2428.76,1691.55,Male,White
Quality Structures,2018-04-22,13045,General Foreman,62,35.51,2592.25,1716.38,Male,White
Quality Structures,2018-04-22,13795,General Foreman,50,42.64,2345.2,1730.95,Male,White
Quality Structures,2018-04-29,12175,Foreman,51,36.25,2048.14,1469.84,Male,White
Quality Structures,2018-04-29,13045,General Foreman,65,35.51,2752.04,1802.79,Male,White
Quality Structures,2018-04-29,13795,General Foreman,50,42.64,2345.2,1729.53,Male,White
Quality Structures,2018-05-06,13045,Journeyman,40,27.45,1098,721.71,Male,White
Quality Structures,2018-05-06,14801,Apprentice,18,16.47,312.93,580.86,Male,White
Quality Structures,2018-05-06,13071,Apprentice,45,13.73,562.48,453.81,Male,White
Quality Structures,2018-05-06,12175,Foreman,54,36.25,2211.26,1564.45,Male,White
Quality Structures,2018-05-06,13045,General Foreman,58,35.51,2379.18,1597.06,Male,White
Quality Structures,2018-05-06,13795,General Foreman,50,42.64,2345.2,1729.54,Male,White
Quality Structures,2018-04-01,13219,Journeyman,40,25.41,1016.4,635.99,Male,White
Quality Structures,2018-04-01,13069,Journeyman,50,33.16,1823.8,1111.87,Male,White
Quality Structures,2018-04-01,13208,Journeyman,43,24.2,1076.9,734.1,Male,White
Quality Structures,2018-04-01,13045,Journeyman,40,24.2,968,692.61,Male,White
Quality Structures,2018-04-01,14489,Journeyman,44,25.89,1190.96,781.34,Male,White
Quality Structures,2018-04-01,13044,Journeyman,40,24.2,968,721.33,Male,White
Quality Structures,2018-04-01,13032,Operator,42,36.84,1584.12,1034.65,Male,White
Quality Structures,2018-04-01,13041,Journeyman,40,27.45,1098,739.28,Male,White
Quality Structures,2018-04-01,13493,Operator,46,36.84,1805.16,1296.28,Male,White
Quality Structures,2018-04-01,13202,Journeyman,41.5,26.62,1124.7,828.79,Male,Black
Quality Structures,2018-04-01,13126,Journeyman,60,25.41,1778.7,1226.5,Male,White
Quality Structures,2018-04-01,13045,Journeyman,52,27.45,1592.12,967.35,Male,White
Quality Structures,2018-04-01,13201,Journeyman,37,24.2,895.4,613.87,Male,White
Quality Structures,2018-04-01,13903,Journeyman,55,24.2,1512.5,1055.58,Male,White
Quality Structures,2018-04-01,13208,Journeyman,44,24.2,1125.3,800.32,Male,Black
Quality Structures,2018-04-01,13204,Journeyman,58,25.41,1702.48,1601.4,Male,Black
Quality Structures,2018-04-01,13069,Journeyman,50,33.16,1823.8,1237.27,Male,White
Quality Structures,2018-04-01,13021,Journeyman,29.5,24.2,713.9,565.61,Male,Multiracial
Quality Structures,2018-04-01,13074,Journeyman,34,24.2,822.8,572.88,Male,White
Quality Structures,2018-04-01,13219,Journeyman,41.5,26.62,1124.7,839.59,Male,Black
Quality Structures,2018-04-01,13082,Journeyman,41.5,26.62,1124.7,761.45,Male,White
Quality Structures,2018-04-01,14456,Journeyman,8,24.2,193.6,918.43,Male,White
Quality Structures,2018-04-01,13084,Journeyman,20,24.2,484,348.09,Male,Indigenous
Quality Structures,2018-04-01,13069,Journeyman,45,24.2,1149.5,757.66,Male,White
Quality Structures,2018-04-01,13069,Journeyman,44.5,25.41,1187.92,780.78,Male,White
Quality Structures,2018-04-01,13207,Journeyman,56,24.2,1548.8,1176.98,Male,Black
Quality Structures,2018-04-01,13090,Journeyman,43.5,25.41,1149.8,754.18,Male,White
Quality Structures,2018-04-01,13211,Journeyman,54,25.41,1550.01,984.93,Male,White
Quality Structures,2018-04-01,13126,Journeyman,45,24.2,1149.5,776.42,Male,White
Quality Structures,2018-04-01,14422,Foreman,50,29.39,1616.45,1121.87,Male,White
Quality Structures,2018-04-01,14422,Journeyman,20,25.89,569.58,599.21,Male,White
Quality Structures,2018-04-08,14432,Operator,17,36.84,644.7,1210.58,Male,White
Quality Structures,2018-04-08,13219,Journeyman,40,24.2,1016.4,658.02,Male,White
Quality Structures,2018-04-08,13069,Journeyman,27,33.16,928.48,877.3,Male,White
Quality Structures,2018-04-08,13208,Journeyman,32,24.2,871.2,615.78,Male,White
Quality Structures,2018-04-08,13045,Journeyman,45,24.2,1149.5,813.51,Male,White
Quality Structures,2018-04-08,14489,Journeyman,48,25.89,1346.29,869.37,Male,White
Quality Structures,2018-04-08,13034,Journeyman,32,27.45,878.4,627.76,Male,White
Quality Structures,2018-04-08,13165,Journeyman,16,25.89,414.24,339.03,Male,White
Quality Structures,2018-04-08,13044,Journeyman,40,24.2,968,721.34,Male,White
Quality Structures,2018-04-08,13032,Operator,41,36.84,1528.86,1001.87,Male,White
Quality Structures,2018-04-08,13041,Journeyman,40,27.45,1098,739.29,Male,White
Quality Structures,2018-04-08,13493,Operator,49,36.64,1970.94,1394.23,Male,White
Quality Structures,2018-04-08,13118,Operator,24.5,40.53,1003.12,696.42,Male,White
Quality Structures,2018-04-08,13202,Journeyman,40,26.62,1064.8,788.87,Male,Black
Quality Structures,2018-04-08,13126,Journeyman,64.5,24.2,1950.34,1352.33,Male,White
Quality Structures,2018-04-08,13045,Journeyman,51,27.45,1550.95,943.2,Male,White
Quality Structures,2018-04-08,13201,Journeyman,40,24.2,968,654.91,Male,White
Quality Structures,2018-04-08,13903,Journeyman,54,24.2,1476.2,1031.38,Male,White
Quality Structures,2018-04-08,13208,Journeyman,40,24.2,968.01,582.35,Male,Black
Quality Structures,2018-04-08,13204,Journeyman,50,24.2,1446.28,1135.62,Male,Black
Quality Structures,2018-04-08,13069,Journeyman,35,33.16,1210.34,1098.27,Male,White
Quality Structures,2018-04-08,13027,Apprentice,40,16.47,658.8,484.88,Male,White
Quality Structures,2018-04-08,13145,Journeyman,45,27.45,1303.88,913.56,Male,White
Quality Structures,2018-04-08,13021,Journeyman,33,24.2,859.1,662.77,Male,Multiracial
Quality Structures,2018-04-08,13074,Journeyman,45,24.2,1149.5,757.66,Male,White
Quality Structures,2018-04-08,13219,Journeyman,41.5,26.62,1124.7,504.29,Male,Black
Quality Structures,2018-04-08,14873,Operator,43.5,36.84,1667.01,1063.2,Male,White
Quality Structures,2018-04-08,13082,Journeyman,43,26.62,1184.6,795.4,Male,White
Quality Structures,2018-04-08,14456,Journeyman,17,24.2,423.5,797.53,Male,White
Quality Structures,2018-04-08,13084,Journeyman,35,24.2,847,586.53,Male,Indigenous
Quality Structures,2018-04-08,14816,Foreman,18,25.7,488.3,888.28,Male,White
Quality Structures,2018-04-08,13069,Journeyman,45,24.2,1149.5,757.65,Male,White
Quality Structures,2018-04-08,13224,Journeyman,17,24.2,423.5,797.52,Male,White
Quality Structures,2018-04-08,13069,Journeyman,52,24.2,1473.84,965.07,Male,White
Quality Structures,2018-04-08,13207,Journeyman,55,24.2,1512.5,1152.73,Male,Black
Quality Structures,2018-04-08,13090,Journeyman,40,24.2,1016.4,689.24,Male,White
Quality Structures,2018-04-08,13211,Journeyman,44.5,24.2,1187.94,797.71,Male,White
Quality Structures,2018-04-08,13126,Journeyman,45,24.2,1149.5,776.43,Male,White
Quality Structures,2018-04-08,14517,General Foreman,19,32.89,674.25,1423.54,Male,White
Quality Structures,2018-04-08,14422,Foreman,50,29.39,1616.45,1121.87,Male,White
Quality Structures,2018-04-08,14422,Journeyman,50,25.89,1423.95,913.44,Male,White
Quality Structures,2018-04-15,13219,Journeyman,40.5,25.41,1035.46,458.24,Male,White
Quality Structures,2018-04-15,13069,Journeyman,43,33.16,1475.62,916.03,Male,White
Quality Structures,2018-04-15,13208,Journeyman,44,24.2,1113.2,754.66,Male,White
Quality Structures,2018-04-15,13045,Journeyman,40,24.2,968,692.61,Male,White
Quality Structures,2018-04-15,14489,Journeyman,6,25.89,233.01,814.98,Male,White
Quality Structures,2018-04-15,13032,Operator,44.5,36.84,1722.27,1115.21,Male,White
Quality Structures,2018-04-15,13493,Operator,44,36.84,1694.64,1221.37,Male,White
Quality Structures,2018-04-15,13118,Operator,40,40.53,1621.2,1068.94,Male,White
Quality Structures,2018-04-15,13202,Journeyman,28,24.2,735.68,505.23,Male,Black
Quality Structures,2018-04-15,13126,Journeyman,63,25.41,1893.06,1291.15,Male,White
Quality Structures,2018-04-15,13045,Journeyman,55,27.45,1715.63,1039.84,Male,White
Quality Structures,2018-04-15,13201,Journeyman,40,24.2,968,654.89,Male,White
Quality Structures,2018-04-15,13903,Journeyman,56,24.2,1548.8,1079.82,Male,White
Quality Structures,2018-04-15,13208,Journeyman,46,24.2,1185.8,714.36,Male,Black
Quality Structures,2018-04-15,13204,Journeyman,45,26.62,1264.45,954.17,Male,Black
Quality Structures,2018-04-15,13069,Journeyman,43,33.16,1475.62,1004.88,Male,White
Quality Structures,2018-04-15,13145,Journeyman,39,27.45,1166.63,825.35,Male,White
Quality Structures,2018-04-15,13021,Journeyman,37,24.2,955.9,727.14,Male,Multiracial
Quality Structures,2018-04-15,13074,Journeyman,39,24.2,1004.3,675.63,Male,White
Quality Structures,2018-04-15,13219,Journeyman,40,26.62,1064.8,464.37,Male,Black
Quality Structures,2018-04-15,14873,Operator,45,36.84,1749.9,1111,Male,White
Quality Structures,2018-04-15,13082,Journeyman,40,26.62,1064.8,727.52,Male,White
Quality Structures,2018-04-15,13084,Journeyman,40,24.2,968,654.91,Male,Indigenous
Quality Structures,2018-04-15,13069,Journeyman,52,24.2,1403.6,901.65,Male,White
Quality Structures,2018-04-15,13069,Journeyman,42.5,25.41,1111.7,737.62,Male,White
Quality Structures,2018-04-15,13207,Journeyman,56,24.2,1548.8,1176.98,Male,Black
Quality Structures,2018-04-15,13090,Journeyman,24.5,25.41,628.9,441.09,Male,White
Quality Structures,2018-04-15,13211,Journeyman,53,25.41,1511.9,963.3,Male,White
Quality Structures,2018-04-15,13126,Journeyman,51,24.2,1367.3,899.82,Male,White
Quality Structures,2018-04-15,14422,Foreman,50,29.39,1616.46,1121.89,Male,White
Quality Structures,2018-04-15,14422,Journeyman,10,25.89,388.35,913.44,Male,White
Quality Structures,2018-04-22,13132,Journeyman,17,26.62,465.85,336.16,Male,White
Quality Structures,2018-04-22,13219,Journeyman,50,25.41,1388.48,658.23,Male,White
Quality Structures,2018-04-22,13069,Journeyman,54,33.16,2022.76,1220.48,Male,White
Quality Structures,2018-04-22,13208,Journeyman,45,24.2,1149.5,775.21,Male,White
Quality Structures,2018-04-22,13045,Journeyman,45,24.2,1149.5,813.51,Male,White
Quality Structures,2018-04-22,14489,Journeyman,5,25.89,194.2,847.34,Male,White
Quality Structures,2018-04-22,13034,Journeyman,40,27.45,1098,772.44,Male,White
Quality Structures,2018-04-22,13044,Journeyman,10,24.2,266.2,769.71,Male,White
Quality Structures,2018-04-22,13126,Journeyman,23,25.41,638.88,451.71,Male,White
Quality Structures,2018-04-22,13493,Operator,49,36.84,1970.94,1394.22,Male,White
Quality Structures,2018-04-22,13118,Operator,43.5,40.53,1833.99,1181.57,Male,White
Quality Structures,2018-04-22,13126,Journeyman,67.5,25.41,2064.56,1387.54,Male,White
Quality Structures,2018-04-22,13045,Journeyman,54,27.45,1674.47,1015.68,Male,White
Quality Structures,2018-04-22,13201,Journeyman,40,24.2,968,654.9,Male,White
Quality Structures,2018-04-22,13903,Journeyman,55,24.2,1512.5,1055.59,Male,White
Quality Structures,2018-04-22,13208,Journeyman,45,24.2,1149.5,693.78,Male,Black
Quality Structures,2018-04-22,13204,Journeyman,45,26.62,1264.45,954.16,Male,Black
Quality Structures,2018-04-22,13069,Journeyman,54,33.16,2022.76,1354.37,Male,White
Quality Structures,2018-04-22,13027,Apprentice,44,16.47,757.62,551.93,Male,White
Quality Structures,2018-04-22,13021,Journeyman,39,24.2,1028.5,775.49,Male,Multiracial
Quality Structures,2018-04-22,13126,Journeyman,17,26.62,465.85,336.16,Male,White
Quality Structures,2018-04-22,13206,Journeyman,17,26.62,465.85,383.39,Male,Black
Quality Structures,2018-04-22,13219,Journeyman,42.5,26.62,1164.63,530.91,Male,Black
Quality Structures,2018-04-22,14873,Operator,18,36.84,699.96,1205.6,Male,White
Quality Structures,2018-04-22,13082,Journeyman,43.5,26.62,1204.56,806.68,Male,White
Quality Structures,2018-04-22,13084,Journeyman,32,24.2,774.4,541.43,Male,Indigenous
Quality Structures,2018-04-22,13069,Journeyman,55,24.2,1512.5,963.43,Male,White
Quality Structures,2018-04-22,13036,Journeyman,41,30.2,1253.3,917.38,Male,White
Quality Structures,2018-04-22,13069,Journeyman,59.5,25.41,1759.65,1102.97,Male,White
Quality Structures,2018-04-22,13207,Journeyman,53,24.2,1439.9,1104.29,Male,Black
Quality Structures,2018-04-22,13090,Journeyman,36.5,25.41,984.64,660.94,Male,White
Quality Structures,2018-04-22,13126,Journeyman,18,25.41,457.38,345.47,Male,White
Quality Structures,2018-04-22,13211,Journeyman,40,25.41,1016.4,682.43,Male,White
Quality Structures,2018-04-22,14422,Foreman,50,29.39,1616.45,1121.87,Male,White
Quality Structures,2018-04-22,14422,Journeyman,10,25.89,388.35,913.44,Male,White
Quality Structures,2018-04-29,NA,Journeyman,35,26.62,931.7,645.7,Male,White
Quality Structures,2018-04-29,NA,Journeyman,32,25.41,813.12,332.35,Male,White
Quality Structures,2018-04-29,NA,Journeyman,48,33.16,1624.84,1000.42,Male,White
Quality Structures,2018-04-29,NA,Journeyman,42,24.2,1040.6,713.57,Male,White
Quality Structures,2018-04-29,NA,Journeyman,45,24.2,1149.5,813.51,Male,White
Quality Structures,2018-04-29,NA,Journeyman,5,25.89,194.2,825.34,Male,White
Quality Structures,2018-04-29,NA,Journeyman,32,27.45,878.4,627.75,Male,White
Quality Structures,2018-04-29,NA,Journeyman,6,24.2,217.8,938.98,Male,White
Quality Structures,2018-04-29,NA,Journeyman,42,25.69,1113.28,932.86,Male,White
Quality Structures,2018-04-29,NA,Journeyman,40,27.45,1098,470.78,Male,White
Quality Structures,2018-04-29,NA,Journeyman,40,25.41,1016.4,682.42,Male,White
Quality Structures,2018-04-29,NA,Operator,56,36.84,2357.76,1616.77,Male,White
Quality Structures,2018-04-29,NA,Operator,43,40.53,1803.59,1163.57,Male,White
Quality Structures,2018-04-29,NA,Journeyman,68.5,25.41,2102.68,1407.5,Male,White
Quality Structures,2018-04-29,13045,Journeyman,50,27.45,1509.76,916.39,Male,White
Quality Structures,2018-04-29,NA,Journeyman,40,24.2,968,654.9,Male,White
Quality Structures,2018-04-29,13903,Journeyman,59,24.2,1667.7,1152.07,Male,White
Quality Structures,2018-04-29,13208,Journeyman,45,24.2,1149.5,693.78,Male,Black
Quality Structures,2018-04-29,13204,Journeyman,47,26.62,1344.31,1007.38,Male,Black
Quality Structures,2018-04-29,13069,Journeyman,48,33.16,1624.84,1104.2,Male,White
Quality Structures,2018-04-29,13030,Journeyman,41,30.2,1253.3,818.74,Male,White
Quality Structures,2018-04-29,13021,Journeyman,38,24.2,992.2,751.31,Male,Multiracial
Quality Structures,2018-04-29,14456,Operator,10,36.84,405.24,1070.8,Male,White
Quality Structures,2018-04-29,13126,Journeyman,32,26.62,851.84,589.6,Male,White
Quality Structures,2018-04-29,13206,Journeyman,42,26.62,1144.66,842.95,Male,Black
Quality Structures,2018-04-29,13074,Journeyman,51.5,24.2,1482.25,946.32,Male,White
Quality Structures,2018-04-29,13219,Journeyman,26,26.62,718.74,234,Male,Black
Quality Structures,2018-04-29,13082,Journeyman,32,26.62,851.84,602.83,Male,White
Quality Structures,2018-04-29,13084,Journeyman,40,24.2,968,654.9,Male,Indigenous
Quality Structures,2018-04-29,13069,Journeyman,56,24.2,1548.8,983.73,Male,White
Quality Structures,2018-04-29,13036,Journeyman,35,30.2,1072.1,847.2,Male,White
Quality Structures,2018-04-29,13069,Journeyman,41.5,25.41,1073.57,716.02,Male,White
Quality Structures,2018-04-29,13207,Journeyman,56,24.2,1548.8,1176.68,Male,Black
Quality Structures,2018-04-29,13090,Journeyman,40,25.41,1016.4,678.64,Male,White
Quality Structures,2018-04-29,13126,Journeyman,40,25.41,1016.4,723.47,Male,White
Quality Structures,2018-04-29,13211,Journeyman,42,25.41,1092.63,725.6,Male,White
Quality Structures,2018-04-29,13126,Journeyman,56,24.2,1548.8,1002.5,Male,White
Quality Structures,2018-04-29,14422,Foreman,50,29.39,1616.45,1121.46,Male,White
Quality Structures,2018-04-29,14422,Journeyman,10,25.89,388.35,935.3,Male,White
Quality Structures,2018-04-15,14456,Journeyman,29,24.2,762.3,1063.7,Male,White
Quality Structures,2018-04-15,13224,Journeyman,29,24.2,762.3,1063.77,Male,White
Quality Structures,2018-04-15,14517,General Foreman,62,32.89,2400.98,1842.54,Male,White
Quality Structures,2018-04-22,14432,Operator,51,36.84,2081.46,1637.13,Male,White
Quality Structures,2018-04-22,14456,Journeyman,29,24.2,762.3,942.63,Male,White
Quality Structures,2018-04-22,14816,Foreman,54,25.7,1567.71,1042.7,Male,White
Quality Structures,2018-04-22,13224,Journeyman,29,24.2,762.3,942.63,Male,White
Quality Structures,2018-04-22,14517,General Foreman,56.5,32.89,2129.64,1670.13,Male,White
Quality Structures,2018-04-29,14432,Operator,46,36.84,1805.16,1276.85,Male,White
Quality Structures,2018-04-29,14873,Operator,46,36.84,1805.16,1141.9,Male,White
Quality Structures,2018-04-29,14456,Journeyman,38,24.2,992.2,918.43,Male,White
Quality Structures,2018-04-29,14816,Foreman,53.5,25.7,1548.44,1029.52,Male,White
Quality Structures,2018-04-29,13224,Journeyman,39,24.2,1028.5,942.62,Male,White
Quality Structures,2018-04-29,14517,General Foreman,58.5,32.89,2228.31,1733.9,Male,White
Quality Structures,2018-04-08,13045,Journeyman,42,27.45,1180.36,769.94,Male,White
Quality Structures,2018-04-08,14801,Apprentice,50.5,16.47,918.22,656.1,Male,White
Quality Structures,2018-04-08,16936,Journeyman,42.5,28.88,1379.02,872.42,Male,White
Quality Structures,2018-04-08,17771,Journeyman,31.5,28.88,1018.02,672.01,Male,White
Quality Structures,2018-04-08,16933,Apprentice,50.5,13.73,765.46,542.22,Male,White
Quality Structures,2018-04-08,13206,Apprentice,18,13.73,260.87,191.47,Male,Multiracial
Quality Structures,2018-04-08,14825,Journeyman,50.5,24.2,1349.15,946.58,Male,White
Quality Structures,2018-04-08,16933,Journeyman,42.5,27.45,1310.75,904.48,Male,White
Quality Structures,2018-04-08,16932,Journeyman,50.5,32.25,1797.95,1272.92,Male,White
Quality Structures,2018-04-08,13069,Journeyman,36,24.2,919.6,527.77,Male,White
Quality Structures,2018-04-08,13617,Operator,49,36.84,1998.57,1252.76,Male,White
Quality Structures,2018-04-08,16901,Journeyman,42.5,27.45,1310.75,565.48,Male,White
Quality Structures,2018-04-15,14839,Apprentice,48,19.22,999.45,830.15,Male,White
Quality Structures,2018-04-15,13045,Journeyman,47,27.45,1386.23,890.57,Male,White
Quality Structures,2018-04-15,14801,Apprentice,51.5,16.47,942.92,672.8,Male,White
Quality Structures,2018-04-15,16936,Journeyman,52.5,28.88,1696.7,1047.61,Male,White
Quality Structures,2018-04-15,13034,Journeyman,37,27.45,1015.65,718.17,Male,White
Quality Structures,2018-04-15,13044,Journeyman,41.5,24.2,1022.45,757.61,Male,White
Quality Structures,2018-04-15,13041,Journeyman,26,27.45,741.15,526.67,Male,White
Quality Structures,2018-04-15,16933,Apprentice,52.5,13.73,806.64,569.91,Male,White
Quality Structures,2018-04-15,13027,Apprentice,42,16.47,708.21,518.52,Male,White
Quality Structures,2018-04-15,14825,Journeyman,52.5,24.2,1421.75,995.02,Male,White
Quality Structures,2018-04-15,16933,Journeyman,59.5,27.45,1900.91,1275.55,Male,White
Quality Structures,2018-04-15,13069,Journeyman,51,24.2,1367.3,881.03,Male,White
Quality Structures,2018-04-15,13617,Operator,50.5,36.84,2053.83,1283.8,Male,White
Quality Structures,2018-04-15,16901,Journeyman,54.5,27.45,1695.04,779.34,Male,White
Quality Structures,2018-04-22,14839,Apprentice,56.5,19.22,1244.5,863.6,Male,White
Quality Structures,2018-04-22,13045,Journeyman,41,27.45,1166.63,763.36,Male,White
Quality Structures,2018-04-22,14801,Apprentice,55.5,16.47,1041.73,739.66,Male,White
Quality Structures,2018-04-22,16936,Journeyman,56.5,28.88,1869.98,1142.9,Male,White
Quality Structures,2018-04-22,17771,Journeyman,53.5,28.88,1768.9,1088.78,Male,White
Quality Structures,2018-04-22,13207,Apprentice,57.5,13.73,909.62,648.72,Male,Multiracial
Quality Structures,2018-04-22,13071,Apprentice,49.5,13.73,744.86,509.21,Male,White
Quality Structures,2018-04-22,13041,Journeyman,40,27.45,1098,739.28,Male,White
Quality Structures,2018-04-22,16933,Apprentice,53.5,13.73,827.24,583.76,Male,White
Quality Structures,2018-04-22,13145,Journeyman,45,27.45,1303.88,913.56,Male,White
Quality Structures,2018-04-22,14825,Journeyman,66.5,24.2,1929.95,1311.73,Male,White
Quality Structures,2018-04-22,13030,Journeyman,34,27.45,981.34,660.38,Male,White
Quality Structures,2018-04-22,16933,Journeyman,56.5,27.45,1777.4,1205.22,Male,White
Quality Structures,2018-04-22,16932,Journeyman,57.5,32.25,2136.57,1482.56,Male,White
Quality Structures,2018-04-22,13074,Journeyman,50.5,24.2,1349.15,870.75,Male,White
Quality Structures,2018-04-22,13069,Journeyman,59,24.2,1657.7,1045.84,Male,White
Quality Structures,2018-04-22,13617,Operator,64.5,36.84,2716.95,1651.46,Male,White
Quality Structures,2018-04-22,16901,Journeyman,56.5,27.45,1777.4,825.42,Male,White
Quality Structures,2018-04-29,13045,Journeyman,38,27.45,1056.83,699.82,Male,White
Quality Structures,2018-04-29,14801,Apprentice,54.5,16.47,1017.03,722.95,Male,White
Quality Structures,2018-04-29,16936,Journeyman,45,28.88,1487.32,934.2,Male,White
Quality Structures,2018-04-29,14489,Journeyman,41,25.89,1074.44,825.34,Male,White
Quality Structures,2018-04-29,17771,Journeyman,46.5,28.88,1581.18,989.25,Male,White
Quality Structures,2018-04-29,13207,Apprentice,53.5,13.73,827.24,593.34,Male,Multiracial
Quality Structures,2018-04-29,13071,Apprentice,49,13.73,734.57,502.29,Male,White
Quality Structures,2018-04-29,13044,Journeyman,43,24.2,1076.9,938.98,Male,White
Quality Structures,2018-04-29,16933,Apprentice,54.5,13.73,847.82,597.59,Male,White
Quality Structures,2018-04-29,13027,Apprentice,43,16.47,749.39,547.41,Male,White
Quality Structures,2018-04-29,13145,Journeyman,40,27.45,1098,772.44,Male,White
Quality Structures,2018-04-29,14825,Journeyman,61.5,24.2,1748.45,1208.63,Male,White
Quality Structures,2018-04-29,16933,Journeyman,61.5,27.45,1983.26,1321.58,Male,White
Quality Structures,2018-04-29,16932,Journeyman,63.5,32.25,2426.82,1644.33,Male,White
Quality Structures,2018-04-29,13069,Journeyman,54,24.2,1476.2,942.64,Male,White
Quality Structures,2018-04-29,13617,Operator,61,36.84,2634.06,1603.94,Male,White
Quality Structures,2018-04-29,16901,Journeyman,49,27.45,1523.47,683.91,Male,White
Danforth,2018-02-18,13108,Journeyman,14,34.01,476.14,975.24,NA,NA
Danforth,2018-02-18,13084,General Foreman,14,38.61,540.54,999.41,NA,NA
Danforth,2018-02-18,13069,Journeyman,3,32.46,97.38,862.98,NA,NA
Danforth,2018-02-18,13088,Journeyman,9,28.86,259.74,757.36,NA,NA
Danforth,2018-02-25,13108,Journeyman,38,37.46,1423.48,961.9,NA,NA
Danforth,2018-02-25,13084,General Foreman,16,38.61,617.76,437.93,NA,NA
Danforth,2018-02-25,13069,Journeyman,1,32.46,32.46,744.57,NA,NA
Danforth,2018-02-25,13088,Journeyman,20,28.86,577.2,757.37,NA,NA
Danforth,2018-02-25,13057,Journeyman,3,27.45,82.38,721.57,NA,NA
Danforth,2018-02-25,13030,Apprentice,3,20.6,61.8,585.64,NA,NA
Danforth,2018-03-04,13108,Journeyman,40,37.46,1498.4,1010.02,NA,NA
Danforth,2018-03-04,13084,General Foreman,40,38.61,1544.4,999.42,NA,NA
Danforth,2018-03-04,14841,Laborer,40,23.81,952.4,629.03,NA,NA
Danforth,2018-03-04,13069,Journeyman,2.5,32.46,81.15,795.31,NA,NA
Danforth,2018-03-04,13088,Journeyman,34,28.86,981.24,757.35,NA,NA
Danforth,2018-03-04,13030,Apprentice,14,20.6,288.4,NA,NA,NA
Danforth,2018-03-11,13108,Journeyman,40,37.46,1498.4,1010.02,NA,NA
Danforth,2018-03-11,14225,Operator,3,26,78,713.17,NA,NA
Danforth,2018-03-11,13084,General Foreman,40,38.51,1544.4,999.41,NA,NA
Danforth,2018-03-11,14841,Laborer,32,23.81,761.92,514.51,NA,NA
Danforth,2018-03-11,13069,Journeyman,4,32.46,129.84,710.73,NA,NA
Danforth,2018-03-11,13088,Journeyman,34,28.86,981.24,692.43,NA,NA
Danforth,2018-03-11,13492,Journeyman,31.5,27.46,864.99,591.22,NA,NA
Danforth,2018-03-11,13030,Apprentice,35.5,21.97,779.94,556.25,NA,NA
Danforth,2018-03-18,13108,Journeyman,40,37.46,1498.4,1010.02,NA,NA
Danforth,2018-03-18,14225,Operator,4,26,104,761.01,NA,NA
Danforth,2018-03-18,13084,General Foreman,43,38.61,1718.16,1110.92,NA,NA
Danforth,2018-03-18,14841,Laborer,40,23.81,952.4,629.03,NA,NA
Danforth,2018-03-18,13069,Journeyman,2,32.46,64.92,711.36,NA,NA
Danforth,2018-03-18,13088,Journeyman,40.5,28.86,1176.05,770.08,NA,NA
Danforth,2018-03-18,13492,Journeyman,16,27.46,439.36,315.43,NA,NA
Danforth,2018-03-18,13030,Apprentice,40.5,21.97,895.28,627.62,NA,NA
Danforth,2018-03-25,13041,Journeyman,16,34.01,544.16,1040.74,NA,NA
Danforth,2018-03-25,13108,Journeyman,41,37.46,1554.59,1047.59,NA,NA
Danforth,2018-03-25,13084,General Foreman,43,38.61,1718.16,1110.92,NA,NA
Danforth,2018-03-25,14841,Laborer,37,23.81,880.97,588.1,NA,NA
Danforth,2018-03-25,13041,Laborer,37,17.01,629.37,470.96,NA,NA
Danforth,2018-03-25,14850,Laborer,16,18.71,299.36,253.27,NA,NA
Danforth,2018-03-25,13069,Journeyman,2,32.46,64.92,693.67,NA,NA
Danforth,2018-03-25,13088,Journeyman,38,28.86,1096.68,724.9,NA,NA
Danforth,2018-03-25,13492,Journeyman,30,27.46,823.8,568.2,NA,NA
Danforth,2018-03-25,13206,Apprentice,38,15.1,573.8,459.29,NA,NA
Danforth,2018-03-25,13030,Apprentice,30,21.46,659.1,473.1,NA,NA
Danforth,2018-03-25,13209,Journeyman,38,27.46,1043.48,726.03,NA,NA
Danforth,2018-04-01,13041,Journeyman,32,34.01,1088.32,1040.74,NA,NA
Danforth,2018-04-01,13108,Journeyman,40.5,37.46,1526.5,1028.8,NA,NA
Danforth,2018-04-01,13084,General Foreman,43,38.61,1718.16,1148.1,NA,NA
Danforth,2018-04-01,14841,Laborer,40,23.81,952.4,629.03,NA,NA
Danforth,2018-04-01,13041,Laborer,32,17.01,544.32,410.85,NA,NA
Danforth,2018-04-01,13088,Journeyman,40.5,28.86,1176.05,770.07,NA,NA
Danforth,2018-04-01,13492,Journeyman,40,27.46,1098.4,721.58,NA,NA
Danforth,2018-04-01,13206,Apprentice,40,15.1,604,480.67,NA,NA
Danforth,2018-04-01,13030,Apprentice,40,21.97,878.8,617.91,NA,NA
Danforth,2018-04-01,13209,Journeyman,40,27.46,1098.4,756.69,NA,NA
Danforth,2018-04-08,13041,Journeyman,40,34.01,1360.4,1040.68,NA,NA
Danforth,2018-04-08,13116,Journeyman,8,34.01,272.08,997.51,NA,NA
Danforth,2018-04-08,13108,Journeyman,40.5,37.46,1526.5,1028.53,NA,NA
Danforth,2018-04-08,13209,Laborer,40.5,17.01,693.16,507.55,NA,NA
Danforth,2018-04-08,13084,General Foreman,41,38.61,1602.32,1036.2,NA,NA
Danforth,2018-04-08,14841,Laborer,8,23.81,190.48,123.68,NA,NA
Danforth,2018-04-08,13041,Laborer,40.5,17.01,693.16,516.06,NA,NA
Danforth,2018-04-08,13041,Laborer,8,34.01,272.08,914.91,NA,NA
Danforth,2018-04-08,13088,Journeyman,40,28.86,1154.4,757.37,NA,NA
Danforth,2018-04-08,13492,Journeyman,40,27.46,1098.4,721.57,NA,NA
Danforth,2018-04-08,13206,Apprentice,40,15.1,604,480.66,NA,NA
Danforth,2018-04-08,13030,Apprentice,40,21.97,878.8,617.9,NA,NA
Danforth,2018-04-08,13209,Journeyman,32,27.46,878.72,624.38,NA,NA
Danforth,2018-04-15,13041,Journeyman,40,34.01,1360.4,1040.68,NA,NA
Danforth,2018-04-15,13116,Journeyman,40,34.01,1360.4,997.51,NA,NA
Danforth,2018-04-15,13108,Journeyman,46.5,37.46,1863.64,1247.27,NA,NA
Danforth,2018-04-15,13209,Laborer,46,17.01,833.46,604.24,NA,NA
Danforth,2018-04-15,13084,General Foreman,38.5,38.61,1534.76,1110.42,NA,NA
Danforth,2018-04-15,13041,Laborer,16,17.01,272.16,629.48,NA,NA
Danforth,2018-04-15,14850,Laborer,8,18.71,149.68,459.04,NA,NA
Danforth,2018-04-15,13069,Journeyman,1,32.46,32.46,1199.69,NA,NA
Danforth,2018-04-15,13088,Journeyman,42,28.86,1240.98,808.25,NA,NA
Danforth,2018-04-15,13316,Journeyman,56,27.46,1894.88,1230.72,NA,NA
Danforth,2018-04-15,13492,Journeyman,36,27.46,1016.04,677.79,NA,NA
Danforth,2018-04-15,13206,Apprentice,32,15.1,483.2,394.81,NA,NA
Danforth,2018-04-15,13030,Apprentice,32,21.97,725,518.47,NA,NA
Danforth,2018-04-15,13209,Journeyman,38,27.46,1084.7,NA,NA,NA
Danforth,2018-04-22,13041,Journeyman,40,34.01,1360.4,1040.68,NA,NA
Danforth,2018-04-22,13116,Journeyman,40,43.08,1760.6,1285.17,NA,NA
Danforth,2018-04-22,13108,Journeyman,24,37.46,899.04,625.51,NA,NA
Danforth,2018-04-22,13209,Laborer,24,17.01,408.24,309.17,NA,NA
Danforth,2018-04-22,13084,General Foreman,44.5,38.61,1805.04,1166.03,NA,NA
Danforth,2018-04-22,13208,Journeyman,40,34.01,1360.4,1008.3,NA,NA
Danforth,2018-04-22,13211,Journeyman,44,34.01,1734.44,1123.7,NA,NA
Danforth,2018-04-22,13041,Laborer,40,17.01,680.4,506.97,NA,NA
Danforth,2018-04-22,13041,Journeyman,24,34.01,816.24,573.93,NA,NA
Danforth,2018-04-22,13042,Journeyman,40,27.46,1098.4,832.55,NA,NA
Danforth,2018-04-22,13068,Journeyman,40.5,28.86,1176.05,770.09,NA,NA
Danforth,2018-04-22,13316,Journeyman,40,27.46,1098.4,759.13,NA,NA
Danforth,2018-04-22,13492,Journeyman,32,27.46,878.72,598.88,NA,NA
Danforth,2018-04-22,13206,Apprentice,40,15.1,604,480.67,NA,NA
Danforth,2018-04-22,13321,Journeyman,40,27.46,1098.4,NA,NA,NA
Danforth,2018-04-22,13088,Journeyman,40.5,28.86,1176.05,770.09,NA,NA
Danforth,2018-04-22,13030,Apprentice,40,21.97,878.8,617.92,NA,NA
Danforth,2018-04-22,13209,Journeyman,41,27.46,1153.32,789.57,NA,NA
Environmental,2018-03-18,13131,Laborer,9.3,25.7,1284.57,620.88,NA,NA
Environmental,2018-03-18,13104,Laborer,8,18.94,1154.39,815.16,NA,NA
Environmental,2018-03-18,13126,Laborer,9.3,25.7,253.79,200.96,NA,NA
Environmental,2018-03-18,13039,Laborer,9,30.24,1442.08,727.3,NA,NA
Environmental,2018-03-18,13126,Laborer,16,25.7,411.2,299.74,NA,NA
Environmental,2018-03-18,14522,Laborer,16,25.7,411.2,258.54,NA,NA
Environmental,2018-03-18,13114,Laborer,28.5,25.7,773.03,541.38,NA,NA
Environmental,2018-03-18,13145,Laborer,27.5,25.7,733.85,515.24,NA,NA
Environmental,2018-03-18,13069,Laborer,56,25.7,1817.59,1443.95,NA,NA
Environmental,2018-03-18,13207,Laborer,55.5,25.7,2497.28,1907.7,NA,NA
Environmental,2018-03-18,13212,Laborer,37,25.7,1775.09,1149.21,NA,NA
Environmental,2018-03-18,13135,Operator,10,36.78,685.96,526.2,NA,NA
Environmental,2018-03-18,14616,Operator,56,36.78,1817.57,1249.81,NA,NA
Environmental,2018-03-18,14621,Laborer,33,28.27,1272.15,1081.08,NA,NA
Environmental,2018-03-18,14608,Laborer,33,28.27,1272.15,1081.08,NA,NA
Environmental,2018-03-18,13126,Laborer,54.5,25.7,2512.86,1378.45,NA,NA
Environmental,2018-03-18,13126,Laborer,56,25.7,1747.6,1116.7,NA,NA
Environmental,2018-03-18,13069,Operator,1,40.46,80.92,70.67,NA,NA
Environmental,2018-03-18,13021,Laborer,36,25.7,1974.75,1601.08,NA,NA
Environmental,2018-03-18,13090,Laborer,62,25.7,3166.03,2654.96,NA,NA
Environmental,2018-03-18,13203,Laborer,33,28.27,1272.15,951.54,NA,NA
Environmental,2018-03-18,13205,Laborer,24,25.7,925.2,687.75,NA,NA
Environmental,2018-03-18,13126,Laborer,56,25.7,1817.59,1155.04,NA,NA
Environmental,2018-03-18,13319,Laborer,24,26.99,962.93,723.81,NA,NA
Environmental,2018-03-18,13126,Laborer,33,28.27,1272.15,1081.08,NA,NA
Environmental,2018-03-18,13126,Laborer,55.5,25.7,2925.53,2165.21,NA,NA
Environmental,2018-03-18,13126,Laborer,32,28.27,1642.23,1028.84,NA,NA
Environmental,2018-03-18,13203,Laborer,8,28.27,226.16,191.49,NA,NA
Environmental,2018-03-18,13363,Operator,8,36.78,588.48,486.35,NA,NA
Environmental,2018-03-18,13114,Laborer,33,28.27,1272.15,848.22,NA,NA
Environmental,2018-03-18,13302,Operator,8,36.78,588.48,436.45,NA,NA
Environmental,2018-03-18,13208,Laborer,51,25.7,2478.96,2107.36,NA,NA
Environmental,2018-04-01,13069,Laborer,56,25.7,1818.89,1444.98,NA,NA
Environmental,2018-04-01,13207,Laborer,56,25.7,2551.67,1950.54,NA,NA
Environmental,2018-04-01,13212,Laborer,50,25.7,2268.56,1432.91,NA,NA
Environmental,2018-04-01,13135,Operator,56,36.78,2602.7,1655.95,NA,NA
Environmental,2018-04-01,14616,Laborer,56,25.7,1818.89,1250.56,NA,NA
Environmental,2018-04-01,14621,Laborer,40,28.27,1470.04,1249.26,NA,NA
Environmental,2018-04-01,14608,Laborer,54.5,28.27,1879.96,1597.67,NA,NA
Environmental,2018-04-01,13126,Laborer,63,25.7,2773.42,1988.96,NA,NA
Environmental,2018-04-01,13126,Laborer,56,25.7,1747.6,1116.7,NA,NA
Environmental,2018-04-01,13069,Operator,48,40.46,2124.15,1468.77,NA,NA
Environmental,2018-04-01,13021,Laborer,65,25.7,2630.25,2159.77,NA,NA
Environmental,2018-04-01,13090,Laborer,65.5,25.7,3404.51,2856.39,NA,NA
Environmental,2018-04-01,13203,Laborer,56,28.27,1922.36,1384.68,NA,NA
Environmental,2018-04-01,13126,Laborer,56,25.7,1747.6,1390.08,NA,NA
Environmental,2018-04-01,13205,Laborer,56,25.7,1747.6,1235.46,NA,NA
Environmental,2018-04-01,13126,Laborer,52.5,25.7,1612.68,1021.64,NA,NA
Environmental,2018-04-01,14522,Laborer,56,25.7,1747.6,1150.08,NA,NA
Environmental,2018-04-01,13126,Laborer,56,25.7,1818.89,1155.76,NA,NA
Environmental,2018-04-01,13319,Laborer,56,25.7,2053.12,1439.16,NA,NA
Environmental,2018-04-01,13126,Laborer,48,28.27,1484.18,1260.53,NA,NA
Environmental,2018-04-01,13126,Laborer,56,25.7,2699.99,1979.06,NA,NA
Environmental,2018-04-01,13126,Laborer,53.5,28.27,1823.42,1128.07,NA,NA
Environmental,2018-04-01,13363,Operator,20.5,36.78,2854.62,1945.22,NA,NA
Environmental,2018-04-01,13114,Laborer,48,28.27,1696.2,1088.49,NA,NA
Environmental,2018-04-01,13302,Operator,56,36.78,2501.04,1556.48,NA,NA
Environmental,2018-04-01,13208,Laborer,56,25.7,2533.63,2153.43,NA,NA
Environmental,2018-04-08,13069,Laborer,48.5,25.7,1398.55,1113.88,NA,NA
Environmental,2018-04-08,13207,Laborer,47,25.7,2102.71,1594.35,NA,NA
Environmental,2018-04-08,13212,Laborer,20.5,25.7,1380.36,913.48,NA,NA
Environmental,2018-04-08,13135,Operator,31,36.78,1193.54,844.92,NA,NA
Environmental,2018-04-08,14616,Laborer,34,25.7,919.56,661.38,NA,NA
Environmental,2018-04-08,14621,Laborer,39,25.7,1159.07,984.04,NA,NA
Environmental,2018-04-08,14608,Laborer,40,28.27,1229.75,1044.22,NA,NA
Environmental,2018-04-08,13126,Laborer,48,25.7,2221.57,1558.49,NA,NA
Environmental,2018-04-08,13126,Laborer,28,25.7,771,550.86,NA,NA
Environmental,2018-04-08,13069,Operator,31,36.78,1511.72,1087.05,NA,NA
Environmental,2018-04-08,13021,Laborer,39.5,25.7,1390.89,1098.83,NA,NA
Environmental,2018-04-08,13090,Laborer,47.5,25.7,2244.53,1880.71,NA,NA
Environmental,2018-04-08,13203,Laborer,27,28.27,805.7,636.19,NA,NA
Environmental,2018-04-08,13126,Laborer,44,25.7,1182.2,944.68,NA,NA
Environmental,2018-04-08,13205,Laborer,37,25.7,1015.7,746.05,NA,NA
Environmental,2018-04-08,13126,Laborer,51.5,25.7,1471.32,941.15,NA,NA
Environmental,2018-04-08,14522,Laborer,36,25.7,976.6,639.38,NA,NA
Environmental,2018-04-08,13126,Laborer,38,25.7,1060.91,727.25,NA,NA
Environmental,2018-04-08,13319,Laborer,34,25.7,919.56,693.75,NA,NA
Environmental,2018-04-08,13126,Laborer,39,28.27,1201.48,1020.22,NA,NA
Environmental,2018-04-08,13126,Laborer,51,25.7,2227.65,1606.06,NA,NA
Environmental,2018-04-08,13363,Operator,39,36.78,1478.58,1095.1,NA,NA
Environmental,2018-04-08,13114,Laborer,23,28.27,749.16,604.86,NA,NA
Environmental,2018-04-08,13302,Operator,39,36.78,1434.42,947.07,NA,NA
Environmental,2018-04-08,13208,Laborer,36,25.7,1623.28,1378.72,NA,NA
Environmental,2018-04-15,13069,Laborer,23.5,25.7,675.94,545.77,NA,NA
Environmental,2018-04-15,13207,Laborer,24,25.7,1556.5,1155.7,NA,NA
Environmental,2018-04-15,14616,Laborer,8,26.99,213.99,178.66,NA,NA
Environmental,2018-04-15,13126,Laborer,13,25.7,1129.74,692.11,NA,NA
Environmental,2018-04-15,13126,Laborer,5,25.7,126.5,106.49,NA,NA
Environmental,2018-04-15,13021,Laborer,9,25.7,1730.98,1391.39,NA,NA
Environmental,2018-04-15,13090,Laborer,9.5,25.7,1201.06,987.48,NA,NA
Environmental,2018-04-15,13126,Laborer,13,25.7,623.22,505.66,NA,NA
Environmental,2018-04-15,13205,Laborer,21.5,25.7,635.46,491.65,NA,NA
Environmental,2018-04-15,13126,Laborer,13,25.7,1448.22,1152.68,NA,NA
Environmental,2018-04-15,13126,Laborer,7,25.7,185.06,152.19,NA,NA
Environmental,2018-04-15,13319,Laborer,13.5,25.7,355.34,295.33,NA,NA
Environmental,2018-04-15,13208,Laborer,47,25.7,1223.79,1035.13,NA,NA
Longhouse,2018-03-04,13142,Foreman,8,32,256,175.66,Male,White
Longhouse,2018-03-04,13605,Foreman,16,34,544,400.1,Male,White
Longhouse,2018-03-04,13147,Apprentice,8,17,136,102,Male,White
Longhouse,2018-03-11,13142,Foreman,16,32,512,347.19,Male,White
Longhouse,2018-03-11,13211,Foreman,16,32,512,380.37,Male,White
Longhouse,2018-03-11,13605,Foreman,16,34,544,400.1,Male,White
Longhouse,2018-03-11,13147,Apprentice,24,17,408,292.98,Male,White
Longhouse,2018-03-18,13142,Foreman,40,32,1280,867.98,Male,White
Longhouse,2018-03-18,13211,Foreman,11,32,352,287.96,Male,White
Longhouse,2018-03-18,13069,Foreman,8,32,256,188.1,Male,White
Longhouse,2018-03-18,13205,Journeyman,8,29,232,166.74,Male,Black
Longhouse,2018-03-18,13605,Foreman,40,34,1360,1000.27,Male,White
Longhouse,2018-03-18,13147,Apprentice,32,17,544,390.63,Male,White
Longhouse,2018-03-25,13142,Foreman,40,32,1280,867.98,Male,White
Longhouse,2018-03-25,13069,Foreman,4.5,32,144,91,Male,White
Longhouse,2018-03-25,13205,Journeyman,40,29,1160,834.1,Male,Black
Longhouse,2018-03-25,13605,Foreman,40,34,1360,1000.27,Male,White
Longhouse,2018-03-25,13147,Apprentice,40,17,680,488.3,Male,White
Longhouse,2018-04-01,13142,Foreman,8,32,256,172.4,Male,White
Longhouse,2018-04-01,13205,Journeyman,11,29,319,230.05,Male,Black
Longhouse,2018-04-01,13605,Foreman,24,34,816,600.17,Male,White
Longhouse,2018-04-01,13147,Apprentice,16,17,272,195.32,Male,White
M&S Fire Protection,2018-02-18,NA,Foreman,5,36.51,182.55,182.55,NA,NA
M&S Fire Protection,2018-02-25,NA,Foreman,2.5,36.51,91.27,91.27,NA,NA
M&S Fire Protection,2018-03-04,NA,Foreman,40,36.51,1460.4,1460.4,NA,NA
M&S Fire Protection,2018-03-11,NA,Foreman,40,36.51,1460.4,1460.4,NA,NA
M&S Fire Protection,2018-03-18,NA,Foreman,40,36.51,1460.4,1460.4,NA,NA
M&S Fire Protection,2018-03-25,NA,Foreman,40,36.51,1460.4,1460.4,NA,NA
M&S Fire Protection,2018-04-01,NA,Foreman,40,36.51,1460.4,1460.4,NA,NA
M&S Fire Protection,2018-04-08,NA,Foreman,40,36.51,1460.4,1460.4,NA,NA
M&S Fire Protection,2018-04-15,NA,Foreman,40,36.51,1460.4,1460.4,NA,NA
Niagara Erecting,2018-02-25,13206,Journeyman,40,29,1276,NA,NA,NA
Niagara Erecting,2018-02-25,14860,Foreman,40,32,1280,NA,NA,NA
Niagara Erecting,2018-02-25,13203,Journeyman,40,29,1276,NA,NA,NA
Niagara Erecting,2018-02-25,13080,Journeyman,40,29,1276,NA,NA,NA
Niagara Erecting,2018-02-25,14606,Operator,33,43.8,1583.51,NA,NA,NA
Niagara Erecting,2018-02-25,13131,Operator,24,43.8,1226.4,NA,NA,NA
Niagara Erecting,2018-03-04,13206,Journeyman,48,29,1508,NA,NA,NA
Niagara Erecting,2018-03-04,14860,Foreman,55,36.5,2268.5,NA,NA,NA
Niagara Erecting,2018-03-04,13203,Journeyman,48,29,1508,NA,NA,NA
Niagara Erecting,2018-03-04,13080,Journeyman,48,29,1508,NA,NA,NA
Niagara Erecting,2018-03-04,13131,Operator,48,43.8,2277,NA,NA,NA
Niagara Erecting,2018-03-11,13037,Journeyman,4,36.64,146.56,NA,NA,NA
Niagara Erecting,2018-03-11,13080,Journeyman,8,29,232,NA,NA,NA
Niagara Erecting,2018-03-11,13131,Operator,40,43.8,1752,NA,NA,NA
Niagara Erecting,2018-03-18,13206,Journeyman,24,29,696,NA,NA,NA
Niagara Erecting,2018-03-18,13208,Journeyman,16,29,464,NA,NA,NA
Niagara Erecting,2018-03-18,13203,Journeyman,40,29,1160,NA,NA,NA
Niagara Erecting,2018-03-18,13080,Foreman,40,33,1320,NA,NA,NA
Niagara Erecting,2018-03-18,13131,Operator,40,40.8,1632,NA,NA,NA
Niagara Erecting,2018-03-18,14860,Foreman,40,32,1280,NA,NA,NA
Patricia Electric,2018-02-25,13027,Apprentice,39,18.4,782,614.79,Male,White
Patricia Electric,2018-02-25,13219,Journeyman,39,36.75,1561.88,1419.05,Male,White
Patricia Electric,2018-02-25,13032,Apprentice,38.5,22.05,920.59,678.31,Male,White
Patricia Electric,2018-02-25,13021,Foreman,50.5,40.45,2255.09,1496.43,Male,White
Patricia Electric,2018-02-25,13403,Journeyman,39,36.75,1561.88,1197.49,Male,White
Patricia Electric,2018-02-25,13408,Journeyman,29,36.75,1157.63,963.93,Male,White
Patricia Electric,2018-02-18,13032,Foreman,3,38.6,154.4,1231.99,Male,White
Patricia Electric,2018-02-18,13032,Apprentice,1.5,22.05,49.61,465.08,Male,White
Patricia Electric,2018-02-18,13021,Foreman,24,40.45,1019.34,1125.26,Male,White
Patricia Electric,2018-02-18,13159,Foreman,1.5,38.6,86.85,1246.96,Male,White
Patricia Electric,2018-03-04,13027,Apprentice,45,18.4,947.6,730.55,Male,White
Patricia Electric,2018-03-04,13219,Journeyman,45,36.75,2296.88,1717.65,Male,White
Patricia Electric,2018-03-04,13032,Apprentice,45,22.05,1135.58,807.09,Male,White
Patricia Electric,2018-03-04,13021,Foreman,55,40.45,2528.13,1572.32,Male,White
Patricia Electric,2018-03-04,13403,Journeyman,55,36.75,2296.88,1444.52,Male,White
Patricia Electric,2018-03-04,13408,Journeyman,55,36.75,2296.88,1444.67,Male,White
Patricia Electric,2018-03-11,13027,Apprentice,34,18.4,644,516.25,Male,White
Patricia Electric,2018-03-11,13219,Journeyman,37.5,36.75,1460.81,1147.69,Male,White
Patricia Electric,2018-03-11,13032,Apprentice,34,22.05,771.75,576.83,Male,White
Patricia Electric,2018-03-11,13021,Foreman,49.5,40.45,2194.41,1387.79,Male,White
Patricia Electric,2018-03-11,13403,Journeyman,43,36.75,1635.38,1071.71,Male,White
Patricia Electric,2018-03-11,13408,Journeyman,43,36.75,1635.38,1072.38,Male,White
Patricia Electric,2018-03-18,13027,Apprentice,34,18.4,671.6,536.1,Male,White
Patricia Electric,2018-03-18,13219,Journeyman,33.5,36.75,1258.69,1006.09,Male,White
Patricia Electric,2018-03-18,13032,Apprentice,33.5,22.05,738.68,553.71,Male,White
Patricia Electric,2018-03-18,13021,Foreman,46.5,40.45,2012.39,1286.27,Male,White
Patricia Electric,2018-03-18,13403,Journeyman,40.5,36.75,1497.56,990.37,Male,White
Patricia Electric,2018-03-18,13408,Journeyman,24,36.75,882,963.55,Male,White
Patricia Electric,2018-03-18,13479,Journeyman,41,36.75,1525.13,1117.55,Male,White
Patricia Electric,2018-03-25,13027,Apprentice,36,18.4,699.2,555.94,Male,White
Patricia Electric,2018-03-25,13219,Journeyman,45,36.75,1745.63,1343.41,Male,White
Patricia Electric,2018-03-25,13032,Apprentice,41,22.05,1003.26,727.85,Male,White
Patricia Electric,2018-03-25,13021,Foreman,50,40.45,2224.75,1404.65,Male,White
Patricia Electric,2018-03-25,13403,Journeyman,44,36.75,1690.5,1103.58,Male,White
Patricia Electric,2018-03-25,13479,Journeyman,40,36.75,1470,1079.59,Male,White
Patricia Electric,2018-04-01,13027,Apprentice,32,18.4,610.88,492.45,Male,White
Patricia Electric,2018-04-01,13219,Journeyman,42.5,36.75,1651.91,1279.08,Male,White
Patricia Electric,2018-04-01,13032,Apprentice,34.5,22.05,788.29,588.39,Male,White
Patricia Electric,2018-04-01,13021,Foreman,43,40.45,1800.03,1165.78,Male,White
Patricia Electric,2018-04-01,13403,Journeyman,42.5,36.75,1607.81,1055.44,Male,White
Patricia Electric,2018-04-01,13479,Journeyman,40,36.75,1514.1,1110.03,Male,White
Patricia Electric,2018-04-08,13027,Apprentice,38.5,18.4,770.5,606.76,Male,White
Patricia Electric,2018-04-08,13219,Journeyman,39,36.75,1565.55,1219.83,Male,White
Patricia Electric,2018-04-08,13032,Apprentice,34.5,22.05,788.29,588.39,Male,White
Patricia Electric,2018-04-08,13021,Foreman,47,40.45,2042.73,1303.19,Male,White
Patricia Electric,2018-04-08,13403,Journeyman,40.5,36.75,1497.56,990.37,Male,White
Patricia Electric,2018-04-08,13479,Journeyman,37,36.75,1492.05,1095.13,Male,White
Patricia Electric,2018-04-15,13027,Apprentice,40,18.4,809.6,634.09,Male,White
Patricia Electric,2018-04-15,13219,Journeyman,37,36.75,1451.63,1141.4,Male,White
Patricia Electric,2018-04-15,13032,Apprentice,40,22.05,970.2,708.02,Male,White
Patricia Electric,2018-04-15,13021,Foreman,48,40.45,2103.4,1337.03,Male,White
Patricia Electric,2018-04-15,13159,Foreman,6,38.6,231.6,906.66,Male,White
Patricia Electric,2018-04-15,13403,Journeyman,46.5,36.75,1855.88,1197.49,Male,White
Patricia Electric,2018-04-15,13479,Journeyman,32,36.75,1323,978.94,Male,White
Patricia Electric,2018-04-22,13027,Apprentice,24,18.4,441.6,370.21,Male,White
Patricia Electric,2018-04-22,13219,Journeyman,45.5,36.75,1773.19,1416.34,Male,White
Patricia Electric,2018-04-22,13032,Apprentice,29,22.05,694.58,646.17,Male,White
Patricia Electric,2018-04-22,13021,Foreman,47,40.45,2042.73,1303.19,Male,White
Patricia Electric,2018-04-22,13403,Journeyman,42,36.75,1580.25,1039.18,Male,White
Patricia Electric,2018-04-22,13479,Journeyman,42,36.75,1580.25,1155.49,Male,White
Schalk and Son,2018-02-18,13167,Foreman,8,28.45,227.6,810.58,Male,White
Schalk and Son,2018-02-25,14445,Apprentice,31.5,16.47,580.57,749.34,Male,White
Schalk and Son,2018-02-25,13069,Apprentice,58,19.22,1287.75,832.36,Male,White
Schalk and Son,2018-02-25,13069,Journeyman,50,27.45,1509.77,894.4,Male,White
Schalk and Son,2018-02-25,13122,Journeyman,47,27.45,1386.23,1096.54,Male,White
Schalk and Son,2018-02-25,13126,Foreman,51,28.45,1721.22,1607.28,Male,White
Schalk and Son,2018-02-25,13088,Journeyman,47,27.45,1386.23,1031.71,Male,White
Schalk and Son,2018-02-25,13167,Foreman,52.5,28.45,1671.44,1175.55,Male,White
Schalk and Son,2018-02-25,13076,Journeyman,60.5,27.45,1942.09,1328.12,Male,White
Schalk and Son,2018-03-04,13069,Apprentice,45,19.22,912.95,609.52,Male,White
Schalk and Son,2018-03-04,13069,Journeyman,45,27.45,1303.88,714,Male,White
Schalk and Son,2018-03-04,13126,Foreman,26,28.45,810.83,951.86,Male,White
Schalk and Son,2018-03-04,13206,Journeyman,27,27.45,782.33,879.24,Male,White
Schalk and Son,2018-03-04,13167,Foreman,55,28.45,1778.13,1240.52,Male,White
Schalk and Son,2018-03-04,13076,Journeyman,55,27.45,1715.63,1186.4,Male,White
Schalk and Son,2018-03-11,13069,Journeyman,36.5,27.45,1173.49,1147.22,Male,White
Schalk and Son,2018-03-11,13167,Foreman,47.5,28.45,1458.06,1028.89,Male,White
Schalk and Son,2018-03-11,13076,Journeyman,55,27.45,1715.63,1195.79,Male,White
Schalk and Son,2018-03-18,13069,Journeyman,44,27.45,1345.05,1076.52,Male,White
Schalk and Son,2018-03-18,13167,Foreman,49,28.45,1536.31,1102.23,Male,White
Schalk and Son,2018-03-18,13076,Journeyman,50,27.45,1509.75,1054.93,Male,White
Schalk and Son,2018-03-25,13069,Journeyman,47,27.45,1386.23,991.7,Male,White
Schalk and Son,2018-03-25,13167,Foreman,50,28.45,1564.75,1102.24,Male,White
Schalk and Son,2018-03-25,13076,Journeyman,49,28.45,1468.58,1026.67,Male,White
Schalk and Son,2018-03-25,13135,Journeyman,1.5,25.49,39.24,677.66,Male,White
Schalk and Son,2018-04-01,13069,Journeyman,9,27.45,274.5,1076.52,Male,White
Schalk and Son,2018-04-01,13167,Foreman,12.5,28.45,384.08,1131.56,Male,White
Schalk and Son,2018-04-01,13076,Journeyman,9,27.45,260.78,1054.94,Male,White
Schalk and Son,2018-04-08,13126,Journeyman,7,27.45,288.23,902.66,Male,White
Schalk and Son,2018-04-08,13126,Foreman,7,28.45,298.73,1037.36,Male,White
Schalk and Son,2018-04-08,13069,Journeyman,4,27.45,109.8,1246.15,Male,White
Schalk and Son,2018-04-08,13066,Journeyman,4,27.45,109.8,1000.61,Male,White
Schalk and Son,2018-04-08,13167,Foreman,48.5,28.45,1529.2,1287.34,Male,White
Schalk and Son,2018-04-08,13209,Apprentice,20,19.22,422.84,598.26,Male,Black
Schalk and Son,2018-04-08,13076,Journeyman,31,27.45,850.96,609.68,Male,White
Schalk and Son,2018-04-08,13135,Journeyman,9,25.49,229.41,911.78,Male,White
Schalk and Son,2018-04-15,13126,Journeyman,8,27.45,288.23,842.26,Male,White
Schalk and Son,2018-04-15,13126,Foreman,8,28.45,341.4,1052.46,Male,White
Schalk and Son,2018-04-15,13069,Journeyman,56,27.45,1756.8,1246.15,Male,White
Schalk and Son,2018-04-15,13066,Journeyman,50,27.45,1509.75,1000.6,Male,White
Schalk and Son,2018-04-15,13167,Foreman,30.5,28.45,1002.86,1175.54,Male,White
Schalk and Son,2018-04-15,13209,Apprentice,56,19.22,1230.08,798.91,Male,Black
Schalk and Son,2018-04-15,13041,Journeyman,33.5,27.45,1063.69,1125.64,Male,White
Schalk and Son,2018-04-15,13076,Journeyman,57,27.45,1797.98,1243.91,Male,White
Schalk and Son,2018-04-15,13135,Journeyman,31,25.49,841.17,878.25,Male,White
Schalk and Son,2018-04-22,13126,Journeyman,2,27.45,54.9,560.1,Male,White
Schalk and Son,2018-04-22,13501,Apprentice,48.5,13.73,724.26,527.75,Male,Black
Schalk and Son,2018-04-22,13027,Journeyman,8,27.45,329.4,888.97,Male,White
Schalk and Son,2018-04-22,13057,Journeyman,18,27.45,521.55,828.87,Male,White
Schalk and Son,2018-04-22,13069,Journeyman,8,27.45,329.4,937.05,Male,White
Schalk and Son,2018-04-22,13126,Foreman,8,28.45,341.4,1052.46,Male,White
Schalk and Son,2018-04-22,13069,Journeyman,56,27.45,1756.8,1246.14,Male,White
Schalk and Son,2018-04-22,13088,Journeyman,8,28.45,329.4,1141.35,Male,White
Schalk and Son,2018-04-22,13066,Journeyman,50,27.45,1509.75,1000.61,Male,White
Schalk and Son,2018-04-22,13167,Foreman,57,28.45,1863.48,1299.83,Male,White
Schalk and Son,2018-04-22,13209,Apprentice,54,19.22,1172.42,765.47,Male,Black
Schalk and Son,2018-04-22,13041,Journeyman,45,27.45,1372.5,1267.98,Male,White
Schalk and Son,2018-04-22,13076,Journeyman,43.5,27.45,1242.12,871.21,Male,White
Schalk and Son,2018-04-22,13135,Journeyman,16,25.49,407.84,699.85,Male,White
Schalk and Son,2018-04-29,13057,Journeyman,46.5,27.45,1365.64,955.96,Male,White
Schalk and Son,2018-04-29,13126,Foreman,62,28.45,2076.85,1463.64,Male,White
Schalk and Son,2018-04-29,13069,Journeyman,56.5,27.45,1777.39,1260.24,Male,White
Schalk and Son,2018-04-29,13104,Apprentice,8,19.22,230.64,797,Male,White
Schalk and Son,2018-04-29,13066,Journeyman,58.5,27.45,1859.74,1204.68,Male,White
Schalk and Son,2018-04-29,13167,Foreman,53.5,28.45,1714.11,1204.83,Male,White
Schalk and Son,2018-04-29,13209,Apprentice,49,13.22,1028.28,681.87,Male,Black
Schalk and Son,2018-04-29,13041,Journeyman,56,27.45,1784.25,1267.97,Male,White
Schalk and Son,2018-04-29,13076,Journeyman,56,27.45,1756.8,1219.85,Male,White
Schalk and Son,2018-05-06,13122,Journeyman,6,27.45,247.05,925.7,Male,White
Schalk and Son,2018-05-06,13126,Foreman,54,28.45,1735.45,1229.76,Male,White
Schalk and Son,2018-05-06,13069,Journeyman,56,27.45,1756.8,1246.15,Male,White
Schalk and Son,2018-05-06,13088,Journeyman,6,27.45,247.05,1064.78,Male,White
Schalk and Son,2018-05-06,13066,Journeyman,60,27.45,823.5,590.74,Male,White
Schalk and Son,2018-05-06,13088,Journeyman,46,27.45,1345.05,1043.42,Male,White
Schalk and Son,2018-05-06,13167,Foreman,56,28.45,1820.8,1274.85,Male,White
Schalk and Son,2018-05-06,NA,Apprentice,55,19.22,1201.25,782.19,Male,Black
Schalk and Son,2018-05-06,13041,Journeyman,44,27.45,1372.5,1195.78,Male,White
Schalk and Son,2018-05-06,13076,Journeyman,56,27.45,1756.8,1219.85,Male,White
Schalk and Son,2018-05-06,13135,Journeyman,14,25.49,433.33,833.64,Male,White
Stone Bridge,2018-03-11,14779,Journeyman,8,32.05,256.4,684.37,Male,Indigenous
Stone Bridge,2018-03-18,13069,Journeyman,8,29,232,0,Male,White
Stone Bridge,2018-03-18,13209,Journeyman,8,29,232,0,Male,White
Stone Bridge,2018-03-18,14779,Journeyman,8,32.05,256.4,199.9,Male,Indigenous
Stone Bridge,2018-03-18,13069,Journeyman,8,29,232,0,Male,White
Stone Bridge,2018-04-01,13069,Journeyman,32,29,928,647.02,Male,White
Stone Bridge,2018-04-01,14779,Journeyman,40,32.05,1282,857.89,Male,Indigenous
Stone Bridge,2018-04-01,13069,Journeyman,32,29,928,680.69,Male,White
Stone Bridge,2018-04-08,13069,Journeyman,12,29,348,0,Male,White
Stone Bridge,2018-04-08,13031,Journeyman,8,29,232,0,Male,White
Stone Bridge,2018-04-08,13209,Journeyman,12,29,348,0,Male,White
Stone Bridge,2018-04-08,14779,Journeyman,12,16.5,198,459.32,Male,Indigenous
Stone Bridge,2018-04-08,14779,Journeyman,16,32.05,512.8,1006.05,Male,Indigenous
Stone Bridge,2018-04-15,13031,Journeyman,24,29,696,510.56,Male,White
Stone Bridge,2018-04-15,13080,Journeyman,24,29,696,533.25,Male,White
Stone Bridge,2018-04-15,14779,Journeyman,24,16.5,396,442.92,Male,Indigenous
Stone Bridge,2018-04-15,14779,Journeyman,24,0,0,975.53,Male,Indigenous
Stone Bridge,2018-04-22,13088,Journeyman,40,29,1160,483.15,Male,Hispanic
Stone Bridge,2018-04-22,13069,Journeyman,40,31,1240,827.67,Male,White
Stone Bridge,2018-04-22,14219,Journeyman,40,30.05,1202,735.16,Male,White
Stone Bridge,2018-04-22,13031,Journeyman,12,29,348,272.34,Male,White
Stone Bridge,2018-04-22,13209,Journeyman,40,29,1160,913.84,Male,White
Stone Bridge,2018-04-22,13080,Journeyman,40,29,1160,848.54,Male,White
Stone Bridge,2018-04-22,14779,Journeyman,40,16.5,660,475.55,Male,Indigenous
Stone Bridge,2018-04-22,14779,Journeyman,40,34.05,1362,908.41,Male,Indigenous
Stone Bridge,2018-04-29,13088,Journeyman,40,29,1160,483.15,Male,Hispanic
Stone Bridge,2018-04-29,13069,Journeyman,40,31,1240,827.67,Male,White
Stone Bridge,2018-04-29,14219,Journeyman,40,30.05,1202,735.15,Male,White
Stone Bridge,2018-04-29,13205,Journeyman,40,29,1160,881.19,Male,Indigenous
Stone Bridge,2018-04-29,13209,Journeyman,40,29,1160,913.84,Male,White
Stone Bridge,2018-04-29,13080,Journeyman,40,29,1160,848.54,Male,White
Stone Bridge,2018-04-29,14779,Journeyman,40,34.05,1362,908.42,Male,Indigenous
Stone Bridge,2018-04-29,13340,Journeyman,40,29,1160,781.65,Male,White
